Date,HH(GMT),ECOLI,Log10Ecoli,AT0m,AT4m,AT24m,AT120m,AT240m,ATmin24m,ATmax24m,DP0m,DP4m,DP24m,CC0m,CC4m,CC24m,WS0m,WSP2HrAvem,WSP3HrAvem,WSP4HrAvem,TP0m,TP4m,TP24m,TP48m,TP72m,AT0,AT4,AT24,AT120,AT240,DP0,DP4,DP24,SWT0,SWT6,SWT9,ASC0,OSC0,ASCb0,OSCb0,WVH0,CC0,CC4,CC24,ASW0,OSW0,GRD,GRD1d,GRD2d,GRD3d,grd4d,grd5d,grd6d,GRD7d,GRD8d,GRD9d,runoff ,runoff1d,runoff2d,runoff3d,runoff4d,runoff5d,runoff6d
5/29/2002,15,125,2.096910013,23.9,19.875,17.779,12.879,10.095,12.2,23.9,13.9,13.05,11.558,0.25,0.25,0.042,3.6,3.1,3.433,3.225,0,0,0,0,0.083,14.65,12.719,11.75,8.773,7.43,10.128,9.599,8.74,10.458,10.312,10.384,0.104,0.016,0.016,0.004,0.072,0.17,0.184,0.042,0.337,-4.825,4450,4790,5020,5430,5760,6200,6940,7610,8210,8610,0,0,0,0,410.68,930.16,1748.46
6/6/2002,15,0.5,-0.301029996,13.9,12.65,15.463,16.581,17.751,10,18.9,11.7,11.4,14.571,1,1,0.833,4.6,4.6,4.267,3.85,0,0,0.02,0.299,1.102,10.011,9.513,11.267,12.103,12.087,9.603,9.053,10.724,11.579,11.731,11.885,-0.085,-0.015,0.035,0.005,0.348,0.93,0.983,0.778,-6.134,1.875,4200,4140,4030,3980,4070,3950,4000,4250,4450,4790,646.59,510.59,322.97,193.69,202.71,0,0
6/13/2002,15,0.5,-0.301029996,17.8,17.525,18.221,20.754,17.761,15,24.4,15,15.575,16.9,1,1,0.74,2.6,3.1,2.567,2.3,0,0,0.012,0.902,1.142,13.811,13.708,14.904,15.568,13.374,13.376,13.338,14.111,14.567,14.595,14.713,0.05,0.046,0.008,-0.009,0.12,1,0.947,0.709,-2.181,3.778,3130,3260,3350,3890,4240,4610,4650,4200,4140,4030,65.84,130.3,153.37,625,905.17,1203.85,1171
6/20/2002,15,17,1.230448921,26.7,22.65,21.042,15.935,17.782,15.6,26.7,13.9,13.9,12.046,0,0,0,7.2,5.65,5.133,5,0,0,0,0,0.039,19.229,17.944,16.9,13.481,14.367,13.57,13.348,11.551,15.832,15.882,16.041,0.173,0.14,-0.008,-0.017,0.332,0.02,0.023,0.011,7.018,2.146,2460,2590,2730,2800,2940,3050,3000,3130,3260,3350,0,47.27,101.77,83.38,132.03,147.6,0
6/27/2002,15,15,1.176091259,23.3,21.675,24.05,24.128,22.111,20.6,29.4,20,19.55,20.913,0,0.312,0.083,6.7,5.15,5.333,5.425,0,0,0,0,0,19.038,18.4,19.586,19.332,17.553,18.109,17.589,18.323,20.669,20.823,21.093,0.139,0.116,0.013,0.006,0.51,0.008,0.337,0.1,5.31,3.858,2400,2600,2730,2920,2960,2500,2390,2460,2590,2730,193.57,363.99,464,623.62,632.83,141.62,0
7/4/2002,15,19,1.278753601,27.8,26.95,26.008,24.973,23.967,22.8,28.9,21.1,20.975,20.363,0,0,0,4.1,3.6,3.6,3.6,0,0,0,0,0,22.99,22.561,22.416,21.545,20.371,19.893,19.906,19.373,23.316,23.249,23.301,0.074,0.042,-0.007,0.011,0.213,0.002,0.002,0.002,0.577,5.489,1730,1810,1890,1990,2120,2240,2290,2400,2600,2730,0,0,0,0,0,91.57,112.77
7/11/2002,15,9,0.954242509,22.8,21.125,23.217,22.757,24.512,18.3,28.3,12.8,14.6,19.617,0,0,0.385,9.3,8.75,8.4,7.725,0,0,0.11,0.874,0.874,21.136,20.33,21.385,20.936,21.697,14.449,15.567,19.079,21.506,21.582,21.796,0.131,-0.002,-0.023,0.004,0.483,0.018,0.035,0.433,2.314,-9.28,1850,1520,1500,1430,1620,1600,1730,1730,1810,1890,462.57,118.52,84.33,0,107.39,0,0
7/18/2002,15,58,1.763427994,27.2,25.425,25.308,22.732,22.373,20,30,19.4,20,20.121,0,0,0,4.6,4.1,4.1,3.725,0,0,0,0,0,24.406,23.885,23.977,21.924,21.302,20.146,20.795,20.699,24.959,25.058,25.255,-0.157,-0.045,0.006,0.005,0.346,0.009,0.007,0.004,0.098,5.613,1370,1320,1500,1550,1620,1930,1810,1850,1520,1500,77.04,13.95,180.73,217.37,273.88,570.25,436.48
7/25/2002,15,28,1.447158031,21.7,17.925,20,24.215,24.286,12.2,27.2,10,10.7,9.7,0,0,0,5.2,4.65,4.133,3.625,0,0,0,0,0,20.772,19.158,20.801,22.917,23.028,13.371,13.687,13.299,20.291,20.226,20.426,-0.012,0.043,-0.033,-0.003,0.341,0.02,0.01,0.004,3.63,-4.817,1260,1320,1540,1710,1360,1310,1280,1370,1320,1500,5.76,61.5,277.23,442.94,88.64,34.33,0
8/1/2002,15,51,1.707570176,28.3,26.375,25.463,24.816,23.99,19.4,28.3,22.8,21.1,19.575,0,0,0.094,5.7,5.95,5.5,4.65,0,0,0,0.181,0.181,24.367,23.699,23.467,22.886,22.557,22.065,21.276,20.042,23.706,23.678,23.662,0.224,0.012,-0.013,-0.008,0.391,0.104,0.031,0.082,1.029,6.496,2270,2020,1980,1810,1730,1490,1250,1260,1320,1540,954.59,715.72,686.76,527.71,458.57,229.33,0
8/8/2002,15,26,1.414973348,20.6,17.775,18.125,21.587,23.453,12.2,23.9,11.7,12.5,12.042,0,0,0.083,2.1,3.1,2.767,2.45,0,0,0,0,0,20.38,18.967,19.584,21.78,22.558,14.278,14.663,14.71,19.542,19.351,19.327,-0.17,0.033,-0.019,0.01,0.25,0.007,0.005,0.08,1.036,-4.486,1740,1780,2060,2250,2330,2690,2490,2270,2020,1980,343.94,395.76,687.47,889.09,980.61,1352.03,1163.36
8/14/2002,15,52,1.716003344,24.4,22.625,24.679,22.88,22.051,20.6,29.4,21.1,21.125,20.483,0.25,0.375,0.365,3.6,3.35,2.933,2.85,0,0.012,0.012,0.012,0.012,22.724,21.944,23.027,22.069,21.768,20.888,20.917,20.494,23.183,23.177,23.246,0.221,0.08,-0.002,-0.007,0.513,0.208,0.297,0.325,5.352,1.843,1310,1270,1370,1160,1420,1450,1740,1780,2060,2250,150,110,210,0,0,42.02,343.94
8/21/2002,15,133,2.123851641,21.7,16.95,17.1,20.593,22.104,11.7,23.3,12.8,12.65,13.15,0,0,0.146,2.1,2.35,1.567,1.175,0,0,0,0.173,0.173,20.658,18.69,18.723,20.889,21.648,14.967,14.825,14.945,22.511,22.545,22.609,-0.094,0.016,-0.021,0.006,0.179,0.005,0.002,0.2,1.877,-3.531,1740,1690,1630,1770,1840,1870,2120,1310,1270,1370,580,530,470,610,680,710,960
8/27/2002,15,9,0.954242509,25,20.15,20.621,21.553,20.56,13.9,26.7,15,15.575,16.087,0,0,0.135,1.5,0.75,0.5,0.375,0,0,0,0,0.059,22.119,20.478,20.94,21.059,20.674,17.165,17.48,17.665,22.652,22.635,22.714,-0.09,0.006,0.011,0.003,0.057,0.005,0.006,0.127,-2.144,-0.34,2050,1970,1840,1990,1880,1780,1740,1690,1630,1770,890,810,680,830,720,620,580
5/22/2003,15,4,0.602059991,12.2,9.45,10.196,15.684,13.058,2.8,16.1,2.2,2.1,2.854,0.25,0.062,0.188,4.6,4.9,5,5.05,0,0,0.012,0.063,0.063,7.884,6.401,7.15,9.574,8.179,1.595,1.664,2.273,7.277,7.24,7.248,-0.019,-0.052,-0.032,0.004,0.175,0.169,0.042,0.174,2.464,-5.534,4300,4590,4910,5370,5870,6330,6700,7110,7350,6880,0,0,475.1,1084.96,1729.76,2329.66,2834.84
5/29/2003,15,6,0.77815125,21.1,16.65,15.275,13.845,13.89,6.7,23.3,7.8,8.2,5.729,0,0,0.062,3.1,3.1,2.767,2.45,0,0,0,0,0,12.085,10.428,9.3,8.553,8.708,6.834,6.995,5.06,8.658,8.545,8.52,0.073,0.037,0.019,-0.006,0.178,0.02,0.057,0.059,4.875,1.036,3000,3220,3260,3420,3300,3720,3960,4300,4590,4910,222.79,320.42,232.66,259.27,0,0,0
6/5/2003,15,5,0.698970004,15,14.425,16.754,13.232,13.802,13.3,22.2,4.4,4.425,5.467,0.5,0.25,0.323,4.6,4.1,4.267,4.225,0,0,0,0,0,10.654,10.282,11.154,9.135,9.052,3.852,3.979,4.352,8.81,8.972,9.137,-0.053,-0.055,0.001,0.005,0.117,0.629,0.403,0.485,-3.36,-3.866,2460,2590,2640,2540,2600,2750,2660,3000,3220,3260,0,103.62,126.95,0,20.61,130.62,0
6/11/2003,15,104,2.017033339,19.4,17.35,14.721,14.558,13.798,10,19.4,14.4,13.725,11.983,0.75,0.688,0.25,5.2,4.9,4.467,4.65,0,0.012,0.024,0.075,0.343,12.187,12.964,11.319,10.769,9.851,11.104,10.705,9.472,12.687,12.7,12.795,0.198,0.08,0.027,-0.009,0.244,0.61,0.58,0.224,6.629,-1.901,2540,2480,2430,2440,2530,2550,2460,2590,2640,2540,204.7,124.36,53.85,43.16,112.29,111.24,0
6/18/2003,15,1,0,24.4,20.4,20.567,19.653,17.493,13.9,26.7,10,11.125,9.213,0,0,0.042,2.6,1.3,1.733,1.825,0,0,0,0,0,15.239,14.878,14.591,13.698,12.503,9.448,9.885,8.324,12.695,12.509,12.502,0.005,0.024,0.004,-0.007,0.01,0.002,0.031,0.047,-1.515,2.733,2310,2350,2490,2750,2770,2840,2770,2540,2480,2430,112.22,133.08,253.78,494.3,494.66,544.85,454.86
6/24/2003,15,11,1.041392685,25.6,23.6,20.929,18.797,19.447,12.2,27.8,14.4,14.55,11.458,0,0,0,6.2,6.2,5.867,5.05,0,0,0,0,0,17.816,17.024,16.659,14.576,14.314,12.112,12.452,10.604,15.49,15.623,15.8,0.107,0.177,0.024,-0.003,0.265,0.007,0.006,0.004,4.28,5.478,1950,1800,1900,2040,2160,2220,2310,2350,2490,2750,209.85,0,0,0,0,41.19,112.22
7/1/2003,15,28,1.447158031,25,21.55,19.175,19.612,20.617,13.9,25,16.7,16.675,15.683,0,0,0.042,3.6,3.1,2.933,2.575,0,0,0,0.106,0.165,18.512,17.736,16.099,16.475,16.272,15.052,15.222,13.792,18.183,18.117,18.149,0.272,0.088,-0.012,-0.01,0.132,0.003,0.003,0.041,1.942,3.364,1840,1930,1750,1520,1670,1860,1920,1950,1800,1900,342.78,425.23,237.63,0,97.72,233.65,237.71
7/9/2003,15,5,0.698970004,24.4,23.175,23.688,22.985,21.828,20.6,27.2,16.1,15.975,18.192,0,0,0.167,2.1,1.8,1.9,2.725,0,0,0,0.303,0.433,19.798,19.602,20.222,19.986,18.91,15.737,15.712,17.315,21.844,21.82,21.959,0.066,-0.005,-0.005,-0.001,0.162,0.075,0.063,0.2,-1.963,2.424,1620,1620,1480,1460,1490,1510,1650,1700,1840,1930,240.63,214.26,47.39,0,22.63,35.23,167.78
7/17/2003,15,10,1,22.2,20.125,20.396,20.131,20.558,12.8,26.1,12.8,13.875,15.296,0,0,0.188,3.1,2.85,2.767,2.45,0,0,0,0.024,0.024,18.483,17.802,18.238,18.182,18.525,13.538,14.134,15.255,19.976,19.971,19.974,-0.012,0.023,0,0.007,0.353,0.001,0.001,0.203,-1.157,4.036,1420,1610,1670,1720,1580,1700,1880,1600,1620,1620,156.77,234.53,401.87,438.77,465.24,301.25,396.81
7/23/2003,15,10,1,21.7,18.9,19.708,20.739,20.847,15.6,24.4,16.1,15.975,17.042,0.75,0.562,0.406,3.1,2.6,3.267,3.475,0,0,0.591,0.803,0.803,19.378,18.307,18.754,19.002,18.793,16.128,16.076,16.971,19.814,19.902,20.055,-0.124,-0.093,-0.027,0.002,0.531,0.694,0.464,0.441,-3.972,-3.333,2090,1700,1230,1120,1230,1320,1420,1610,1670,1720,786.38,952.33,568.25,104.14,0,88.59,156.77
7/30/2003,15,3,0.477121255,23.3,19.575,19.142,21.388,20.81,11.1,23.9,14.4,13.875,13.362,0,0,0.094,1.5,0.75,0.5,0.375,0,0,0,0,0,19.829,18.494,18.393,19.393,19.082,14.533,14.639,14.49,19.728,19.639,19.682,-0.059,0.04,-0.032,-0.003,0.013,0,0,0.129,-2.451,1.531,1180,1320,1370,1390,1480,1580,1930,2090,1700,1230,0,0,146.14,202.25,228.33,324.38,430.39
8/6/2003,15,3,0.477121255,21.7,19.45,20.437,21.683,21.494,16.7,25,17.8,17.5,17.633,0.25,0.688,0.438,3.1,2.3,2.033,2.05,0,0,0,0.02,0.043,20.548,19.733,19.865,20.438,20.048,18.008,17.852,17.732,21.009,20.991,21.108,-0.218,-0.038,-0.02,0.013,0.292,0.283,0.586,0.376,-3.802,-1.162,1450,1460,1290,1090,1120,1030,1070,1180,1320,1370,268.2,348.76,369.21,389.57,229.82,39.98,80.04
8/19/2003,15,13,1.113943352,25,20.7,21.992,24.576,22.975,15,27.8,16.7,16.125,17.383,0,0.062,0.219,0,0.75,1.367,1.025,0,0,0,0,0,22.613,21.019,21.978,22.608,21.283,17.914,17.583,18.122,21.657,21.53,21.55,0.091,0.085,0.007,-0.011,0.202,0.004,0.052,0.177,1.175,2.409,1110,1130,1120,1190,1220,1250,1290,1290,1360,1520,0,15.01,0,0,41.4,82.69,133.88
8/27/2003,15,87,1.939519253,26.7,22.775,23.129,23.28,23.374,20,28.9,21.1,20.55,20.9,0,0.25,0.344,5.2,4.4,4.467,3.725,0,0,0.374,0.374,0.374,23.985,22.49,22.649,22.572,22.55,21.223,20.683,20.623,22.486,22.496,22.759,0.262,0.075,-0.009,0.007,0.3,0.007,0.208,0.319,5.294,3.181,1030,943,926,949,1080,1220,1350,1340,1110,1130,114.74,22.39,0,0,100.79,209.61,307.44
6/2/2004,17,98.37,1.992862671,17.8,16.125,13.958,13.669,13.403,11.7,17.8,10.6,10.3,10.517,0.25,0.125,0.552,6.2,6.45,6.867,6.7,0,0,0.024,2.035,2.087,10.77,10.105,9.345,9.391,9.152,8.423,8.15,8.236,10.444,10.393,10.399,0.22,0.103,0.047,-0.01,0.903,0.207,0.151,0.467,6.004,4.691,16500,19200,21600,24700,27600,28900,27800,24500,20900,17700,5423.62,8688.99,11625.51,15234.64,18617.79,20376.27,19711.35
6/8/2004,16,15.87,1.200576927,25,22.775,21.621,16.952,15.477,17.2,25,17.2,16.525,14.496,0.25,0.062,0.385,7.7,7.45,7.2,6.825,0,0,0,0,0,16.219,15.362,14.51,11.939,10.714,14.276,13.923,12.312,12.792,12.815,12.913,0.213,0.082,0.018,-0.005,0.515,0.171,0.045,0.316,8.572,0.75,7690,8680,9700,10700,12300,14200,16500,19200,21600,24700,0,0,0,0,0,2527.83,5423.62
6/16/2004,18,43.09,1.634376494,23.3,24.3,19.017,17.946,19.692,14.4,25.6,16.7,16.125,16.254,0.5,0.312,0.125,4.1,3.85,3.067,2.3,0,0,0.091,0.181,0.181,15.842,16.197,14.011,13.237,14.219,14.414,14.032,13.49,15.783,15.284,15.017,0.02,0.01,-0.015,-0.005,0.103,0.342,0.242,0.128,-1.855,4.831,7270,7030,6600,6080,5760,5760,6140,6810,7690,8680,1531.63,1286.23,850.83,325.42,0,0,0
6/23/2004,18,12.6,1.100370545,17.2,17.075,14.571,15.756,18.285,12.8,17.2,10,11.4,13.483,0,0.062,0.792,6.2,5.7,5.7,5.575,0,0,0.748,0.89,0.89,13.839,13.755,12.805,13.641,14.281,10.101,10.903,12.108,14.773,14.644,14.614,-0.043,0,0.008,-0.004,0.593,0.004,0.117,0.77,-2.394,6.952,6100,6270,6370,6840,7310,7550,7400,7270,7030,6600,399.29,563.92,658.55,1123.18,1587.8,1822.42,1667.03
6/30/2004,18,31.07,1.492341253,21.1,20,16.979,14.761,14.889,14.4,21.1,13.9,13.175,13.196,0.25,0.375,0.146,5.7,5.7,4.833,4.65,0,0,0,0.217,0.217,16.837,16.384,15.033,13.564,13.363,13.19,12.65,12.615,16.218,16.02,16.028,-0.069,-0.027,0.003,0.018,0.611,0.237,0.373,0.141,0.649,7.421,4170,4580,4750,5130,5480,5690,5850,6100,6270,6370,0,0,0,0,0,0,154.65
7/7/2004,16,109.03,2.037546012,22.8,21.525,20.1,20.63,19.22,17.8,22.8,18.9,18.725,16.933,0.75,0.938,0.552,10.3,9.8,8.767,7.475,0,0,0.051,0.169,1.114,18.694,18.225,17.14,17.551,16.465,17.3,17.004,15.681,17.74,17.761,17.908,0.235,0.204,-0.02,-0.009,0.703,0.55,0.778,0.49,8.302,6.486,3490,3590,3660,3300,3420,3740,4160,4170,4580,4750,317.84,375.79,403.18,0,0,0,0
7/13/2004,16,214.58,2.331589241,23.9,22.925,24.283,19.233,19.883,20.6,27.8,21.7,21.55,21.279,1,0.938,0.438,2.1,1.05,1.567,1.175,0,0,0,0,0,19.332,19.047,19.994,17.227,17.433,18.952,18.582,18.674,21.011,20.944,20.995,0.019,0.097,-0.002,0.002,0.066,0.986,0.942,0.446,-0.593,3.741,3000,2970,3090,3100,3150,3380,3490,3590,3660,3300,69.03,0,80.63,50.73,60.31,249.34,317.84
7/20/2004,17,151.32,2.179896333,24.4,22.925,19.908,19.868,20.8,12.8,26.1,15.6,16.825,15.842,0,0,0.062,5.2,4.9,4.633,4.125,0,0,0,0.051,0.13,20.175,19.699,18.461,18.375,18.65,16.48,16.913,16.223,19.199,18.892,18.713,-0.057,0.05,0,0.004,0.246,0.007,0.012,0.053,2.012,5.527,3510,3590,3510,3410,3380,3030,3100,3000,2970,3090,838.22,882.65,766.6,630.07,563.05,175.55,207.54
7/27/2004,17,14.42,1.15896526,25,22.5,18.371,19.41,20.303,11.7,25,8,9.5,10.646,0.25,0.188,0.073,4.6,3.85,3.433,3.35,0,0,0,0,0,20.244,19.684,18.155,19.113,19.332,11.723,12.868,12.966,17.611,17.131,16.947,-0.126,0.002,-0.022,0.005,0.101,0.171,0.133,0.051,-4.013,-1.151,2820,2900,3220,3350,3230,3120,3020,3510,3590,3510,384.49,432.06,719.2,815.9,662.16,517.97,383.33
8/3/2004,18,135.65,2.132419798,26.7,27.5,24.379,21.413,19.807,20,28.3,21.7,21.8,19.658,0.75,0.188,0.094,6.7,6.7,6.7,6.175,0,0,0,0,0,22.773,22.676,21.696,20.59,19.502,20.871,20.763,19.36,21.83,21.694,21.613,0.285,0.171,-0.001,-0.017,0.497,0.687,0.197,0.07,5.025,5.58,2390,2290,2290,2310,2450,2550,2720,2820,2900,3220,144.16,0,0,0,109.24,178.08,316.49
8/10/2004,17,285.88,2.456183773,21.7,21.7,20.842,18.583,20.079,17.8,23.9,17.2,17.35,14.833,0.75,0.812,0.302,6.2,6.45,6.867,6.575,0,0,0,0,0,20.089,19.836,19.427,18.728,19.733,17.337,17.456,15.836,18.889,18.865,18.899,0.16,0.134,0.007,-0.007,0.928,0.547,0.741,0.285,7.421,2.998,2210,2170,2530,2670,2630,2380,2320,2390,2290,2290,250.31,171.78,492.49,592.43,511.58,219.93,117.46
8/17/2004,15,26.21,1.418467021,20.6,15.975,16.108,14.991,16.85,9.4,22.2,12.2,11.125,10.954,0,0,0.062,3.6,3.1,2.067,1.55,0,0,0,0,0,19.27,17.62,17.571,16.547,17.596,14.396,13.76,13.104,18.215,18.181,18.225,0.11,0.069,-0.004,-0.012,0.219,0.009,0.009,0.05,4.019,2.511,1710,1790,1890,1920,1970,2030,2140,2210,2170,2530,0,46.38,112.1,107.14,121.5,145.15,218.1
8/24/2004,16,21.54,1.333245699,25.6,22.925,22.196,17.056,17.023,18.9,25.6,19.4,19.025,17.625,0.25,0.25,0.448,4.1,4.1,3.933,3.725,0,0,0,0,0,21.042,20.058,19.903,17.55,17.566,18.093,18.11,17.333,18.349,18.334,18.378,0.082,-0.082,0.003,-0.01,0.109,0.425,0.34,0.435,0.187,-5.368,1490,1570,1610,1640,1690,1650,1730,1710,1790,1890,0,50.4,60.2,59.41,78.01,5.98,53.31
6/2/2005,16,24.66,1.391993072,25,22.225,18.033,14.528,14.36,11.7,25,11.1,11.1,10.208,0,0,0.125,3.6,3.35,3.433,3.725,0,0,0,0,0,17.035,15.867,13.693,11.475,10.878,10.277,10.522,9.948,13.116,12.878,12.927,0.062,0.054,-0.021,-0.001,0.072,0.007,0.006,0.104,1.787,-4.424,2310,2370,2480,2610,2690,2830,2950,2950,2950,2860,0,0,92.28,204.43,266.45,388.33,490.08
6/8/2005,13,15.87,1.200576927,21.7,20.85,20.925,21.975,18.968,17.2,25,15,14.575,14.108,0.25,0.375,0.24,3.1,2.6,3.1,3.1,0,0,0,0.012,0.012,16.05,15.61,15.771,16.254,14.259,13.763,13.404,13.058,15.842,15.875,15.909,0.148,0.111,0.011,-0.009,0.292,0.175,0.256,0.164,3.817,2.385,2330,2250,2040,2030,2250,2300,2310,2370,2480,2610,209.03,169.91,0,0,0,0,0
6/16/2005,14,48.2,1.683047038,23.9,21.675,23.604,24.56,24.106,20,27.2,14.4,15.7,17.908,0,0.125,0.281,6.7,5.95,5,4.65,0,0,0,0,0,20.33,19.566,20.101,19.919,18.631,15.386,16.294,17.324,19.397,19.874,20.463,0.205,0.191,0.003,-0.014,0.993,0.038,0.124,0.239,7.594,4.563,5640,5590,3630,3410,2520,2460,2350,2300,2330,2250,3161.71,3159.47,1246.32,1072.26,227.32,211.51,144.85
6/22/2005,14,146.12,2.164709664,22.8,20.275,20.387,17.447,19.568,15.6,24.4,15.6,15.45,12.833,0,0,0,3.6,3.6,3.767,3.725,0,0,0,0,0,17.629,16.809,17.214,15.326,17.064,15.261,15.024,13.421,17.193,17.151,17.319,0.084,0.135,0.004,-0.009,0.307,0.008,0.006,0.007,-0.663,4.721,3020,3470,3730,4060,4560,5060,5640,5590,3630,3410,234.74,738.42,1051.07,1432.7,1983.34,2533,3161.71
6/28/2005,14,20,1.301029996,28.3,24.575,25.808,24.79,21.64,20.6,32.2,19.4,19.425,18.558,0,0,0,2.1,2.35,2.433,1.825,0,0,0,0.299,0.299,22.084,20.853,21.182,19.857,17.874,18.325,18.371,17.757,23.292,23.502,23.701,0.121,0.117,0.006,0.001,0.073,0,0,0.006,3.707,0.194,1910,1980,2190,2440,2540,2840,3020,3470,3730,4060,0,0,0,0,0,0,234.74
7/6/2005,14,31.07,1.492341253,22.2,19.875,20.487,19.898,22.824,17.8,25.6,18.3,18.05,18.508,0,0,0.479,2.1,2.6,2.767,2.6,0,0,0.102,0.421,0.421,19.587,18.866,19.211,18.947,20.208,17.639,17.785,18.059,22.243,22.204,22.31,-0.025,-0.013,-0.003,0.009,0.277,0.002,0.107,0.468,-2.556,2.468,1580,1580,1720,1870,1920,1990,1820,1870,1910,1980,40.6,0,94.68,198.05,200.09,220.75,0
7/12/2005,14,18.17,1.259354927,26.1,21.675,23.417,21.194,20.236,16.7,29.4,15,15,12.896,0,0,0,2.6,2.35,2.067,1.55,0,0,0,0,0,22.88,20.973,21.314,19.622,19.042,16.634,16.496,14.984,22.749,22.556,22.999,0.099,0.048,-0.006,0.001,0.119,0.008,0.007,0.002,1.529,-3.002,1460,1450,1560,1600,2120,1700,1580,1580,1720,1870,143.2,98.47,172.83,176.24,658.69,200.15,40.6
7/19/2005,14,311.66,2.493681066,26.1,24.85,26.833,25.864,24.529,23.9,31.1,22.8,22.65,20.746,0.75,0.5,0.208,9.3,9.05,8.6,8.125,0,0,0,0,0,24.248,23.837,24.321,23.354,22.291,22.829,22.745,21.399,22.886,23.092,23.572,0.265,0.274,0.042,-0.016,1.136,0.716,0.409,0.206,9.292,5.806,1380,1280,1160,1180,1300,1250,1410,1460,1450,1560,168.89,94.72,0,0,85.5,0,127.03
7/20/2005,13,20.8,1.318063335,23.3,21.25,24.917,25.893,24.981,18.9,29.4,15,16.55,18.308,0,0,0.198,3.6,3.1,2.767,2.45,0,0,0,0,0,22.827,22.192,23.779,23.513,22.743,17.422,18.425,19.662,24.386,24.518,24.736,0.068,-0.049,0.014,0.006,0.631,0,0.001,0.175,-5.003,3.006,1500,1380,1280,1160,1180,1300,1250,1410,1460,1450,262.49,168.89,94.72,0,0,85.5,0
7/26/2005,15,81.93,1.913442955,28.3,25.275,26.621,23.561,24.215,19.4,31.1,17.2,19.175,21.383,0.25,0.438,0.135,1.5,0.75,1.533,1.8,0,0,0,0.232,0.232,25.453,23.863,23.954,22.727,23.003,18.152,19.885,21.44,25.527,25.36,25.294,0.18,0.052,0.021,-0.004,0.01,0.174,0.322,0.125,0.201,-1.909,1820,1810,1690,1850,1570,1560,1500,1380,1280,1160,411.6,431.64,341.04,529.81,277.97,295.52,262.49
8/2/2005,13,43.8,1.641474111,23.3,22.625,24.508,21.008,22.355,22.2,27.8,20,19.575,18.85,0,0,0.021,3.1,2.6,3.1,3.35,0,0,0,0,0,22.163,21.919,22.381,20.751,21.737,20.585,20.284,19.48,22.936,23.026,23.014,0.076,-0.039,-0.009,0.009,0.379,0.007,0.022,0.025,0,4.129,1930,2170,2310,2450,2720,3000,2760,1820,1810,1690,292.17,567.1,741.29,914.75,1217.49,1529.54,1320.9
8/9/2005,13,25.2,1.401400541,22.8,19.025,23.075,23.139,23.515,16.7,28.9,17.8,15.55,15.271,0.25,0.25,0.115,2.1,2.1,1.9,1.425,0,0,0,0,0,22.577,21.134,22.787,22.849,22.608,19.648,18.217,17.694,26.103,26.408,26.774,0.085,0.076,-0.016,0.005,0.183,0.167,0.184,0.08,2.972,1.201,1260,1260,1400,1490,1500,1710,1770,1930,2170,2310,0,0,0,0,0,0,96.47
8/16/2005,13,26.21,1.418467021,18.9,16.55,20.417,21.295,22.306,15,25.6,15,14.575,15.092,0,0,0.167,2.6,2.05,1.367,1.4,0,0,0,0,0,20.53,19.925,21.559,22.09,22.512,17.431,17.075,17.511,21.433,21.759,22.222,-0.079,0.001,-0.009,0.008,0.216,0.286,0.109,0.167,1.329,-4.958,1280,1270,1320,1220,986,1170,1200,1260,1260,1400,309.68,295.78,341.87,237.94,0,0,0
8/23/2005,13,44.48,1.648164779,15.6,13.225,19.079,21.814,21.301,11.7,23.3,11.1,10.7,11.6,1,0.625,0.344,3.1,2.85,1.9,1.425,0,0,0,0.012,0.102,18.804,18.005,20.613,22.201,22.017,14.207,13.932,14.885,22.312,22.467,22.736,-0.246,-0.039,-0.014,-0.005,0.434,0.757,0.506,0.277,-2.519,-4.738,1180,1310,1300,1240,1300,1220,1190,1280,1270,1320,236.52,362.73,348.93,285.11,341.28,257.43,223.56
8/30/2005,14,10,1,22.8,17.775,19.575,20.743,19.93,13.9,24.4,11.1,12.625,13.675,0,0,0.062,2.6,1.3,1.367,1.025,0,0,0,0,0.512,22.073,19.991,20.634,20.869,20.796,14.636,15.377,15.895,22.114,22.054,22.09,0.103,0.065,0.006,-0.008,0.185,0.004,0.006,0.048,4.306,-0.15,1130,1100,1160,1090,1110,1230,1070,1180,1310,1300,212.62,178.94,235.24,161.53,177.8,294.05,130.3
6/1/2006,14,13.2,1.120573931,18,17.55,22.446,22.395,17.407,17,29,17,16.925,18.508,1,1,0.51,1.5,2.05,1.367,1.025,0,0.002,0.231,0.294,0.294,14.683,14.623,16.909,15.847,12.729,14.439,14.451,15.596,18.278,18.294,18.257,0.058,0.051,0.022,-0.004,0.051,1,0.985,0.49,0.172,3.291,4900,4540,4840,5120,5290,5570,6050,6680,7430,8110,529.48,0,0,0,0,0,699.2
6/7/2006,13,1.59,0.201397124,19,13.25,17.508,18.597,20.678,9,24.4,9,7.975,5.579,0,0,0,2.6,1.3,0.867,0.65,0,0,0,0,0.196,16.488,14.719,15.887,15.32,15.904,10.45,9.723,8.006,15.033,15.636,16.338,0.146,0.056,0.024,-0.006,0.115,0.006,0.003,0.003,3.465,2.001,3620,3930,4220,4700,4560,4600,4900,4540,4840,5120,141.45,316.56,466.44,800.89,509.69,392.63,529.48
6/14/2006,14,7.29,0.862727528,17,14.325,15.4,15.484,16.786,10,20,12,10.65,8.438,0,0,0.115,0,0,0.5,0.75,0,0,0,0,0,13.023,12.171,12.538,13.465,14.383,10.948,10.115,8.741,9.452,8.848,8.837,-0.075,0.005,-0.001,-0.005,0.08,0.002,0.002,0.099,-3.131,2.722,2850,2960,3260,3570,3660,3680,3600,3620,3930,4220,184.73,191.38,384.02,582.49,556.65,456.31,251.3
6/21/2006,13,16.94,1.228913406,18,15.925,20.129,22.998,19.306,14,25,8,9.75,13.25,0,0,0.271,3.1,1.55,1.533,1.525,0,0,0,0.197,0.197,16.532,15.573,17.18,17.851,15.564,9.76,10.674,13.343,19.529,19.675,19.796,0.023,-0.054,0.012,0.007,0.076,0.001,0.003,0.253,-0.735,-4.639,2160,2160,2120,2180,2430,2470,2630,2850,2960,3260,77.42,58.8,0,0,0,0,64.22
6/28/2006,13,3.3,0.51851394,17,16.275,20.017,19.076,20.163,16,26,16,15,14.975,0.25,0.25,0.24,2.1,1.05,0.7,0.9,0,0,0,0.068,0.068,16.304,15.972,17.354,17.129,17.392,15.462,14.798,14.562,14.878,15.37,15.892,-0.118,-0.017,-0.023,0.007,0.078,0.245,0.356,0.222,-3.142,2.368,2600,2580,2620,2720,2750,2610,2430,2160,2160,2120,643.28,605.78,628.12,710.3,722.33,564.19,365.89
7/6/2006,14,3.11,0.492760389,19,16.425,19.842,21.474,20.127,10,27,8,8.75,9.696,0,0,0.042,3.6,3.85,3.267,2.45,0,0,0,0,0,18.071,16.942,18.661,19.473,18.373,10.491,11.021,12.007,20.147,19.84,19.867,-0.276,-0.01,-0.019,-0.028,0.229,0.002,0.002,0.033,-4.753,-1.185,2060,2160,2140,2310,2250,2420,2480,2550,2600,2580,237.83,321.53,285.09,438.5,361.76,514.87,557.82
7/12/2006,12,4.12,0.614897216,19.4,18.35,19.075,20.757,21.015,15,24,15.6,15.15,13.387,0.25,0.688,0.427,3.1,2.6,2.433,1.825,0,0,0,0,0,18.5,18.276,18.736,19.554,19.443,16.353,15.859,14.917,19.533,19.723,20.104,0.001,0.003,-0.013,-0.014,0.103,0.32,0.567,0.313,1.296,-4.238,2050,1790,1810,1850,1790,1920,2060,2160,2140,2310,234.61,0,20,60,0,113.99,237.83
7/19/2006,14,59.31,1.773127924,23,20.75,23.987,25.16,23.704,18,31,16,17.575,19.433,0,0,0.271,2.6,1.3,0.867,0.65,0,0,1.549,1.549,1.549,21.596,20.764,22.423,22.864,21.489,17.664,18.52,19.788,26.443,26.437,26.48,0.234,0.016,0.055,-0.011,0.108,0,0.061,0.291,-0.859,-4.421,4120,3150,3160,3510,3900,3830,2960,2050,1790,1810,2116.48,1174.51,1212.14,1589.38,2006.25,1962.74,1118.85
7/26/2006,13,13.98,1.145507171,22.2,22.1,24.038,21.549,23.447,22,28,20.6,20.3,19.142,0.75,0.938,0.458,0,1.3,2.067,2.825,0,0.017,0.052,0.052,0.052,21.71,21.595,22.691,21.161,22.049,20.191,20.124,19.547,23.493,23.413,23.35,0.141,0.095,0.009,-0.017,0.674,0.271,0.761,0.373,1.7,4.937,2910,2950,3210,3390,3510,3360,3360,4120,3150,3160,698.86,769.79,1060.29,1270.35,1420,1299.24,1328.06
8/2/2006,13,50.11,1.699924403,27,26.425,28.729,25.649,24.126,26,32,23,22.95,23.537,0,0,0,7.2,6.7,6.533,6.825,0,0,0,0.807,0.807,25.478,25.372,26.232,24.092,22.951,23.082,23.261,23.516,27.063,27.188,27.308,0.282,0.092,0.051,-0.004,0.702,0.002,0.002,0.018,6.215,4.683,2720,2850,2970,2960,2870,2560,2810,2910,2950,3210,279.73,443.86,597.51,620.7,563.42,285.68,567.49
8/9/2006,14,4.22,0.625312451,20,16.65,21.438,22.865,24.83,14,28,14,13.325,13.392,0,0,0.062,4.6,4.6,4.1,3.725,0,0,0,0.021,0.021,21.054,19.521,22.004,22.96,24.046,15.921,15.378,15.624,20.12,20.383,20.833,-0.18,-0.084,-0.055,0,0.201,0.011,0.007,0.049,2.771,-5.682,2570,2730,3030,3010,2670,2510,2510,2720,2850,2970,438.65,527.79,754.57,658.92,240.76,0,35.11
8/16/2006,13,7.11,0.851869601,22,20.65,22.029,20.915,21.802,18,25.6,14,14.75,15.667,0,0,0.156,4.6,3.05,2.9,2.95,0,0,0,0,0,21.937,21.439,21.87,21.613,22.199,16.387,16.782,17.146,22.85,22.896,23.154,-0.398,-0.099,-0.004,-0.012,0.755,0,0,0.157,-6.419,1.364,1780,1720,1910,1870,2090,2150,2350,2570,2730,3030,155.54,17.5,125.72,0,157.83,153.6,287.22
8/23/2006,13,24.3,1.385606274,22,19.075,20.654,21.332,20.975,17,24,18,17.05,15.117,0.25,0.062,0.042,2.6,1.3,1.367,1.55,0,0,0,0,0,21.702,20.478,20.916,21.3,21.279,19.001,18.045,16.597,20.937,21.273,21.471,-0.002,-0.049,0.007,-0.008,0.128,0.182,0.065,0.042,-1.7,-4.208,1320,1340,1380,1450,1520,1590,1550,1780,1720,1910,0,0,0.41,29.65,57.68,84.48,0
8/30/2006,13,76.55,1.883945195,17,16.925,18.896,21.627,20.969,16.7,22,15,15.25,15.746,1,0.75,0.677,2.6,2.35,2.433,2.475,0,0.003,0.15,0.15,0.15,18.824,18.742,19.944,21.307,21.058,15.941,16.018,16.663,18.249,18.392,18.644,-0.15,-0.058,-0.026,0.005,0.174,0.998,0.82,0.72,-1.194,-5.172,1800,1710,1810,1520,1500,1380,1310,1320,1340,1380,420.77,342.56,454.24,175.83,167.32,58.71,0
6/1/2007,12,1.26,0.100370545,20.6,18.4,23.787,18.654,19.067,17,30,15,15,14.221,0,0.125,0.021,2.6,2.35,2.267,1.7,0,0,0,0,0,15.77,14.266,16.964,13.62,13.202,12.822,12.643,12.612,15.266,15.424,15.59,0.132,0.053,0.026,-0.008,0.096,0.005,0.183,0.035,4.019,-0.709,3460,3670,3730,3640,3460,3440,3330,3460,3550,3730,182.64,383.93,435.19,336.43,147.64,118.83,0
6/6/2007,12,7.4,0.86923172,10.6,10.15,13.262,19.423,18.919,10,18,7.2,7.05,10.767,0.25,0.062,0.583,5.1,4.1,4.267,4.35,0,0,0.083,0.209,0.509,12.088,17.387,14.71,15.9,14.76,8.24,12.115,12.119,12.666,13.046,13.484,-0.201,-0.069,-0.077,0.007,0.627,0.217,0.058,0.598,-7.003,-1.876,5150,4140,3540,3260,3270,3460,3670,3730,3640,3460,1867.19,864.81,272.41,0,1.33,182.64,383.93
6/13/2007,12,1,0,17.8,15.45,21.633,19.447,17.917,14,27,10,9.5,10.021,0,0,0.01,1.5,1.5,1,0.75,0,0,0,0,0,16.127,15.333,16.672,14.873,14.606,11.548,11.154,10.712,14.162,14.609,15.165,0.053,-0.024,-0.012,-0.002,0.092,0,0,0.008,0.895,-3.589,3880,4270,4720,5320,5620,5570,5460,5150,4140,3540,543.35,941.09,1398.82,2006.53,2314.22,2271.9,2169.55
6/21/2007,15,4.38,0.641474111,22,19.4,18.358,22.598,22.687,12,23,10,10.175,11.312,0,0,0.094,1.5,2.05,2.233,1.675,0,0,0,0.493,0.493,17.717,16.759,17.259,20.015,18.99,11.31,11.363,12.346,19.399,19.376,19.405,0.059,-0.014,0.005,-0.003,0.033,0,0,0.092,2.216,2.295,2740,2680,2760,2870,3140,3360,3530,3660,3880,4270,194.84,0,0,0,0,0,177.8
6/26/2007,15,7.21,0.857935265,25,21.85,21.192,20.161,21.396,16,26,18,17.275,15.221,0.75,0.75,0.156,2.6,2.35,2.6,2.475,0,0,0,0,0,20.974,19.382,18.865,17.846,18.931,17.523,17.04,15.635,18.764,18.721,18.931,0.123,0.06,0.001,-0.018,0.089,0.725,0.587,0.21,3.449,-0.181,2010,2120,2180,2320,2640,2740,2680,2760,2870,3140,20.91,37.64,0,24.51,222.89,194.84,0
7/3/2007,16,3.68,0.565847819,20,18.5,17.721,19.025,20.414,11,23.3,6,6,7.162,0,0,0.135,2.6,2.6,2.433,2.85,0,0,0,0,0,17.549,17.15,16.997,17.992,18.691,8.686,8.756,9.844,13.476,13.011,12.876,0.024,0.032,0.001,-0.032,0.272,0.003,0.003,0.108,2.226,-3.855,1830,1930,2360,2060,1840,1910,1900,2010,2120,2180,54.28,138.43,552.43,236.29,0,40.24,0
7/10/2007,15,21.68,1.336059278,26,24.7,25.512,22.257,20.732,22,29,19,18.975,19.046,0,0,0.021,5.1,4.85,4.933,4.85,0,0,0,0,0,21.917,21.38,21.92,20.355,18.944,18.675,18.646,18.679,19.907,19.84,19.787,0.158,0.028,0.076,0,0.781,0.003,0.003,0.018,5.876,3.531,1470,1540,1680,1790,1740,1860,1760,1830,1930,2360,0,25.22,119.07,181.52,82.52,152.03,0
7/17/2007,14,7.11,0.851869601,21,17.525,19.067,18.277,20.88,14,23,16,13.7,12.9,0.75,0.375,0.188,2.1,1.05,1.2,1.275,0,0,0,0.182,0.438,19.519,18.144,18.362,18.302,19.738,16.279,14.9,13.809,19.943,19.711,19.597,0.118,0.019,0.038,0,0.269,0.55,0.284,0.187,2.536,2.204,1210,1360,1260,1310,1410,1430,1440,1470,1540,1680,0,125.25,0,0,61.71,42.3,11.74
7/24/2007,15,2.47,0.392696953,25,20.9,19.804,19.681,19.485,13,25,10,10.775,10.404,0,0,0.021,2.1,1.05,0.7,0.525,0,0,0,0,0,21.109,20.074,19.271,19.187,19.046,12.714,13.319,13.228,17.718,17.458,17.341,0.048,0.011,0.003,-0.003,0.151,0.003,0.004,0.019,3.119,0.109,1110,1170,1220,1400,1350,1350,1310,1210,1360,1260,23.23,66.43,99.36,262.03,194.44,176.57,118.43
7/28/2007,15,417.52,2.620677284,24,22.8,21.171,21.061,20.446,19,24,19,19.75,18.371,0,0.312,0.594,3.1,4.65,3.967,3.5,0,0.013,0.293,0.616,0.616,21.681,21.157,20.805,20.244,19.818,19.347,19.566,18.758,20.36,20.366,20.385,0.104,0.024,0.053,0.003,0.376,0.151,0.422,0.61,0.459,4.37,1220,1240,1150,1100,1110,1170,1220,1400,1350,1350,197.93,202.13,96.08,29.78,23.23,66.43,99.36
7/29/2007,13,20.98,1.321805484,22,21.275,23.633,21.835,20.712,21,29,18,18.325,18.704,0.25,0.5,0.281,4.6,4.1,3.767,3.725,0,0,0,0.293,0.616,21.211,20.942,21.521,20.687,19.946,18.801,18.892,19.021,20.146,20.675,21.003,-0.059,-0.094,-0.022,0.006,0.169,0.218,0.515,0.279,0,-6.049,1270,1220,1240,1150,1100,1110,1170,1220,1400,1350,263.49,197.93,202.13,96.08,29.78,23.23,66.43
8/1/2007,12,1,0,21.1,18.775,23.483,22.706,21.584,18,29,17.8,16.45,15.096,0,0,0.031,0,0,0,0,0,0,0,0,0,22.034,21.419,22.624,21.622,20.646,18.769,17.962,17.267,20.099,20.267,20.509,-0.043,-0.01,-0.013,-0.007,0.129,0,0.001,0.023,-1.527,2.181,1150,1260,1190,1270,1220,1240,1150,1100,1110,1170,188.78,283.91,198.82,263.49,197.93,202.13,96.08
8/7/2007,14,55.79,1.746556361,22,22.3,21.204,23.464,23.559,18,23,19,19.5,18.808,1,1,0.906,2.1,2.1,2.267,2.475,0,0,0,0.037,0.037,21.732,21.817,21.786,23.073,22.698,19.91,20.184,19.943,21.365,21.419,21.486,0.068,0.005,0.047,0.007,0.203,1,1,0.906,-2.624,2.717,1050,891,904,949,1050,1080,1150,1260,1190,1270,148.34,0,0,31.02,117.83,133.41,188.78
8/14/2007,15,9.86,0.993876915,22,19.025,22.421,23.08,22.907,16,28.9,9,9.525,14.204,0,0.25,0.146,3.6,3.35,2.933,2.85,0,0,0,1.239,1.239,22.474,21.411,22.866,22.929,22.784,13.164,13.684,17.134,19.796,19.777,19.956,0.043,-0.022,-0.027,-0.002,0.221,0.003,0.23,0.121,-0.125,-7.139,1460,1380,1240,1180,1230,1170,1120,1050,891,904,480.05,411.64,283.09,234.4,295.58,246.63,207.55
8/21/2007,15,6.21,0.7930916,16,15.9,16.083,18.358,20.408,15.6,17,14,14.1,14.025,1,1,1,4.6,4.85,5.3,5.125,0.02,0.854,1.338,2.119,2.119,19.024,18.987,19.015,20.277,21.471,16.413,16.427,16.206,20.432,20.375,20.313,0.233,-0.004,0.089,0.02,0.396,1,0.995,0.997,3.934,-7.399,1940,1120,1040,1140,1240,1270,1180,1460,1380,1240,888.14,74.09,0,112.3,224.45,266.46,188.32
8/28/2007,14,18.74,1.272769587,20,16.1,18.762,20.86,18.905,13,26,13,12.05,12.017,0,0,0.104,3.6,2.85,2.4,2.325,0,0,0,0,0.531,20.716,19.347,20.148,20.746,20.041,15.05,14.598,14.678,20.503,20.392,20.301,0.121,0.056,0.023,-0.023,0.361,0.004,0.004,0.111,6.325,0.889,3540,3640,3730,3620,3490,3290,2720,1940,1120,1040,2445.56,2551.75,2647.9,2544.02,2420.1,2226.15,1662.16
5/29/2008,16,1,0,13,10.5,10.154,13.992,11.484,2,18,0,-0.5,-1.954,0,0,0.031,4.1,2.8,2.733,2.825,0,0,0,0,0.002,8.296,7.516,7.895,9.337,8.178,1.032,0.627,0.537,8.514,8.261,8.233,-0.035,-0.013,-0.028,-0.006,0.054,0.002,0.001,0.048,-4.786,2.438,2290,2440,2550,2430,2550,2670,2790,2860,3000,3100,0,104.25,167.59,0,0,0,0
6/4/2008,16,1,0,19,18,19.029,15.773,14.478,16,23.3,11,11.25,11.683,0.25,0.375,0.292,7.2,6.95,6.7,6.45,0,0,0,0,0,12.791,12.444,13.124,11.21,10.163,9.235,9.363,10.015,12.121,12.061,12.182,0.003,-0.063,-0.01,0.012,0.209,0.463,0.458,0.327,-0.131,-7.52,2230,2290,2340,2410,2380,2260,2290,2440,2550,2430,0,54.03,98.05,162.05,126.03,0,0
6/12/2008,16,3.3,0.51851394,24,22,18.271,19.543,19.069,13.3,24,16,16,12.875,0,0.062,0.073,4.6,4.35,3.6,3.35,0,0,0,0.023,1.32,15.603,14.752,13.188,13.974,13.48,13.429,13.081,11.125,14.838,14.564,14.474,0.175,0.05,0.04,-0.001,0.14,0.028,0.082,0.077,3.941,3.941,11200,10400,9060,6200,3090,3040,2490,2220,2230,2290,8025.29,7383.44,6193.72,3476.51,502.19,581.11,153.61
6/18/2008,17,4.51,0.654176542,17,16.5,15.146,19.138,19.572,11.1,18,8,8.75,8.517,0.5,0.312,0.573,6.7,6.45,6.2,6.45,0,0,0,0,0,13.296,13.001,12.701,14.072,14.039,8.642,8.88,8.751,16.109,15.768,15.55,-0.209,-0.029,-0.04,0.009,0.598,0.379,0.235,0.522,-3.569,6.438,5140,6030,7320,8960,10200,11100,11200,10400,9060,6200,826.17,1931.08,3425.28,5259.3,6683.66,7758.84,8025.29
6/25/2008,16,10.9,1.037426498,21,19.5,17.05,17.096,16.738,11,21.7,13,13.5,12.358,0.25,0.375,0.198,2.6,2.6,2.433,1.825,0,0,0,0.003,0.023,17.131,16.309,15.279,15.155,14.181,13.357,13.281,12.607,16.287,15.747,15.751,0.038,0.058,-0.021,-0.01,0.064,0.184,0.294,0.149,2.123,2.922,2830,2970,3240,3460,3670,3930,4540,5140,6030,7320,0,0,0,0,0,0,0
7/2/2008,16,1,0,22,20.75,17.796,19.467,18.665,11,23,12,12.5,9.342,0,0,0.062,3.6,3.35,3.267,3.475,0,0,0,0.003,0.219,18.482,17.988,16.686,17.073,16.503,13.079,13.087,11.232,18.117,17.997,18.091,-0.087,0.073,0.004,-0.019,0.442,0.003,0.003,0.047,-0.085,4.864,2640,2850,2830,2760,2490,2610,2780,2830,2970,3240,245.67,432.11,388.31,294.27,0,0,0
7/9/2008,15,10.37,1.015778756,21,20.75,21.942,20.068,19.26,19,26,19,18.975,19.512,0.5,0.562,0.323,5.7,5.7,5.867,6.075,0.02,0.084,0.447,0.461,0.461,19.213,19.014,19.409,18.001,17.476,18.178,18.148,18.561,19.273,19.184,19.132,0.163,0.041,0.066,-0.002,0.63,0.39,0.481,0.308,4.06,6.019,5890,5780,6410,7240,7830,7540,3320,2640,2850,2830,3654.34,3522.34,4130.11,4937.67,5505.01,5192.12,949.01
7/16/2008,16,1,0,26,24,19.342,20.856,21.039,14,26,17,15.25,12.454,0,0,0.042,4.6,4.6,4.767,4.475,0,0,0,0,0.013,21.324,20.372,18.377,18.992,18.997,16.975,15.775,13.63,20.371,20.131,20.072,0.185,0.056,0.024,-0.007,0.349,0.002,0.002,0.035,5.037,2.792,3060,3520,3770,3720,3910,4640,5440,5890,5780,6410,972.5,1411.95,1641.2,1570.24,1739.08,2447.71,3226.13
7/22/2008,16,14.91,1.173477643,22,20.5,20.742,22.125,21.752,15,27,16,16,15.462,0.5,0.625,0.271,3.6,3.85,4.8,4.75,0,0,0,0,0.083,20.421,19.926,20.166,20.622,19.998,16.54,16.407,16.627,20.619,20.537,20.5,-0.171,-0.059,-0.056,0.006,0.492,0.485,0.532,0.228,-4.398,3.824,2500,2410,2400,2460,2740,2890,3060,3520,3770,3720,531.65,422.27,392.7,432.95,692.99,822.84,972.5
7/30/2008,16,1,0,26,22.75,22.017,21.668,21.297,14,29,13,14.75,14.658,0,0.062,0.125,3.1,2.85,1.9,1.425,0,0,0,0,0,22.744,21.509,20.81,20.513,20.273,15.745,16.73,16.432,21.956,21.299,21.178,0.137,0.067,-0.001,-0.015,0.041,0.002,0.054,0.098,3.367,2.187,1820,1840,2040,2170,2270,2520,2690,2690,2500,2410,0,2.09,183.99,295.72,377.28,608.65,759.83
8/7/2008,18,25.76,1.410945859,26.1,25.275,23.154,22.577,22.957,17,27,16.7,16.425,18.892,0,0.125,0.115,4.1,4.6,4.1,3.975,0,0,0,0,0.455,23.847,23.571,22.591,22.168,21.907,18.478,18.447,19.775,23.821,23.18,22.631,-0.091,0.071,-0.006,-0.01,0.452,0.006,0.094,0.104,-0.855,4.848,1450,1440,1440,1560,1600,1700,1870,1760,1820,1840,76.27,33.53,0,61.03,39.65,75.75,179.24
8/13/2008,15,1,0,22,17.7,17.342,18.728,20.501,10,23,11,12.025,12.392,0,0,0.135,2.6,1.3,0.867,0.65,0,0,0,0,0,20.197,19.128,18.812,19.987,21.071,13.569,14.272,14.354,15.094,13.814,13.318,0.017,0.021,0.003,0.002,0.039,0.005,0.008,0.111,-2.755,1.929,1380,1440,1380,1280,1410,1500,1450,1440,1440,1560,156.08,197.66,118.97,0,99.49,158.25,76.27
8/20/2008,15,10.9,1.037426498,21,19.35,22.587,21.142,19.789,18,28,14,14.525,16.292,0.5,0.875,0.271,6.2,6.2,5.833,5.65,0,0,0,0,0,21.131,20.578,21.653,20.577,19.992,16.047,16.625,17.706,17.28,17.298,17.435,0.172,-0.043,0.031,0.011,0.344,0.642,0.91,0.303,2.985,-8.201,1230,1220,1310,1270,1290,1300,1310,1380,1440,1380,127.56,100.97,174.14,117.05,119.7,112.09,104.22
8/27/2008,15,3.14,0.496929648,19,14.65,16.888,21.032,21.263,9,24,8,8.725,9.046,0,0,0.042,5.7,4.65,4.3,4,0,0,0,0,0.176,19.492,17.999,19.054,20.895,20.937,11.573,12.042,12.148,20.059,19.971,19.936,0.129,-0.011,0.004,0,0.292,0.001,0.001,0.034,3.638,-7.801,1410,1250,1370,1180,1120,1070,1150,1230,1220,1310,327.6,170.09,292.58,105.06,47.53,0,63.9
5/29/2009,16,11.29,1.052693942,-99,10.333,15.135,17.193,17.597,10,24,-99,9,13.257,1,1,0.979,4.6,4.1,4.267,4.225,0,0,0.169,0.613,0.975,9.035,8.313,9.942,10.657,10.87,8.601,7.798,9.704,11.311,11.21,11.164,0.06,0.048,0.047,-0.016,0.437,1,1,0.965,-1.095,6.209,5280,5230,4800,5050,5460,5700,6210,6670,6920,7280,619.76,500.4,0,0,0,0,0
6/2/2009,17,4.31,0.63447727,19,17.25,15.012,13.119,15.22,12.2,19,13,13,4.537,1,1,0.406,8.2,8.75,8.233,8.225,0,0.031,0.045,0.049,0.065,12.354,11.521,10.42,9.371,10.042,10.437,10.496,4.747,12.398,12.149,11.972,0.24,0.055,0.08,0.004,0.629,0.723,0.907,0.381,6.291,5.279,5600,6100,6630,6090,5280,5230,4800,5050,5460,5700,1207.19,1641.81,2105.45,1498.11,619.76,500.4,0
6/10/2009,16,40.08,1.602927713,14,13.25,15.013,15.354,14.367,12,25,9,9.5,12.608,1,1,0.896,5.7,5.95,5.667,5.275,0,0,0.022,0.94,0.953,10.423,10.234,10.966,11.011,10.405,8.018,8.417,10.24,13.274,13.299,13.337,-0.041,-0.012,0.018,-0.007,0.24,0.998,1,0.855,-4.035,4.179,4210,4060,3950,4080,4270,4540,4780,5170,5600,6100,286.99,123.52,0,0,129.27,337.64,515.09
6/18/2009,17,58.71,1.76871208,18,17,20.058,18.618,17.1,15,27,16,15.75,12.654,1,1,0.844,3.1,2.6,2.433,2.475,0,0.02,1.1,1.1,1.1,14.505,14.063,15.215,14.273,12.704,14.07,13.761,11.914,14.07,14.018,14.001,0.044,0.002,0.022,-0.003,0.077,1,1,0.856,-4.476,0.313,4020,4260,4440,4660,4720,4440,4210,4060,3950,4080,466.05,0,176.85,403.65,570.41,777.12,823.79
6/24/2009,17,37.37,1.572523098,28,27.25,25.867,22.888,20.83,22,30,18,18,18.471,0,0,0.406,4.6,4.35,4.6,4.475,0,0,0,0,0,21.581,21.255,20.368,17.945,16.291,17.404,17.323,17.272,16.928,16.535,16.14,0,0.004,0.012,0.007,0.121,0.002,0.001,0.38,3.553,3.553,11600,10500,9280,7490,5380,4510,4360,3830,4020,4260,7299.25,6269.89,5119.37,3397.7,1354.91,551.02,466.05
7/1/2009,18,43.68,1.64028263,17.2,16.3,16.704,21.725,23.017,14,21,11.7,11.925,13.221,1,1,0.958,6.7,5.9,5.133,5.275,0,0,0.081,0.081,0.081,15.099,15.033,16.973,20.524,20.298,11.853,11.859,13.845,12.901,13.252,15.108,-0.171,-0.049,-0.069,-0.001,1.009,1,0.954,0.943,-5.179,4.83,5280,6050,6820,8090,9750,11100,11900,11600,10500,9280,450.64,1299.96,2147.98,3494.71,5230.19,6654.42,7527.44
7/8/2009,20,13.45,1.128722284,21,20.65,17.758,18.067,18.035,12,24,10,10.65,10.396,0.25,0.25,0.125,4.6,4.85,4.767,4.85,0,0,0,0,0,18.519,18.371,17.556,16.994,17.225,12.107,12.277,12.279,15.266,14.462,13.707,-0.22,-0.019,-0.004,0.002,0.451,0.183,0.183,0.095,-5.111,3.194,3640,3830,3990,4200,4500,4650,4910,5280,6050,6820,0,0,0,0,0,0,0
7/15/2009,20,61.64,1.78986263,25,24.475,18.325,20.234,19.371,11,25,7,4.85,7.692,0,0,0.01,5.7,5.4,5.133,4.875,0,0,0,0,0,20.604,20.31,18.091,18.914,18.253,10.435,9.757,10.923,17.024,16.261,15.333,-0.004,0.077,0.02,-0.005,0.24,0.005,0.005,0.011,3.31,4.236,2910,3050,3300,3320,3150,3310,3480,3640,3830,3990,200.85,236.79,378.73,286.52,0,0,0
7/22/2009,15,51.74,1.713826424,24,20.525,19.212,17.455,18.656,14,24,13,13.45,10.971,0,0,0.146,3.1,2.85,2.767,2.075,0,0,0,0,0,19.88,18.511,18.24,17.142,17.947,14.314,14.162,12.814,17.141,17.436,17.514,0.104,0.073,0.004,-0.025,0.203,0.004,0.01,0.111,2.312,-3.428,2450,2340,2310,2330,2550,2730,2830,2910,3050,3300,144.31,32.16,0,0,130.5,217.57,221.06
7/28/2009,15,50.07,1.699577591,23,22.025,23.221,20.91,19.912,21,27,18,18.075,17.517,0.75,0.75,0.365,4.6,4.85,5.3,5.25,0,0,0,0.02,0.02,20.132,19.831,20.649,19.614,18.744,17.944,17.662,17.47,20.801,21.003,21.028,0.087,0.043,0.065,0,0.985,0.785,0.785,0.338,-0.216,6.183,3200,3420,2940,2430,2510,2420,2450,2340,2310,2330,907.19,1125.05,642.91,130.76,208.61,116.46,144.31
8/8/2009,14,84.09,1.924744352,19,16.4,19.246,20.573,20.464,14,24,11,11.275,11.483,0.5,0.312,0.146,5.7,4.4,3.8,3.5,0,0,0,0,0,18.888,17.98,18.863,19.195,19.339,13.138,13.334,13.225,20.749,20.579,20.689,0.121,0.004,0.017,-0.001,0.327,0.363,0.274,0.129,6.062,-3.223,1900,1980,2070,2180,2210,2280,2410,2530,2590,2810,0,0,0,0,0,0,127.87
8/13/2009,20,17.39,1.240299582,24,25,20.488,21.952,21.243,16,26,16,15.4,15.429,0.5,0.312,0.104,5.1,4.35,3.933,3.85,0,0,0,0,0.319,21.409,21.646,19.933,20.68,19.965,16.799,16.569,16.497,23.664,23.525,23.344,-0.135,-0.021,-0.038,-0.005,0.235,0.432,0.28,0.103,-0.863,6.143,5760,6160,5550,3420,2360,1900,1980,2070,2180,2210,3863.35,4262.68,3652.01,1521.34,460.67,0,0
8/20/2009,16,8.6,0.934498451,24,22,19.567,23.248,22.458,14,24,12,15.25,14.875,0.5,0.188,0.125,2.6,2.05,1.867,1.4,0,0,0,0,0.291,21.664,20.856,20.248,21.585,21.196,14.96,16.336,16.258,23.042,22.966,23.016,0.019,-0.008,-0.012,-0.012,0.023,0.422,0.152,0.101,2.356,-3.016,3320,3360,3270,3420,3760,4130,4900,5760,6160,5550,1428.03,1467.36,1376.69,1526.02,1865.35,2234.69,3004.02
8/25/2009,18,20.25,1.306425028,23.3,22.075,16.521,18.77,20.989,11,23.3,14.4,15.6,12.892,0.25,0.25,0.198,2.6,3.35,3.6,3.35,0,0,0,0.03,0.085,20.576,20.151,17.915,18.871,20.221,15.845,16.231,14.386,23.119,22.819,22.413,0.033,0.064,0.035,-0.013,0.336,0.268,0.283,0.203,0.411,3.913,2390,2650,2900,3100,3160,3320,3360,3270,3420,3760,501.36,760.69,1010.03,1209.36,1268.69,1428.03,1467.36
9/3/2009,19,2.31,0.36361198,22,21.8,14.633,14.044,16.359,8,22.2,10,10.15,8.988,0,0.125,0.021,2.6,2.35,2.267,1.7,0,0,0,0,0,19.701,19.255,16.833,16.321,17.606,12.392,12.169,11.489,20.353,19.894,19.618,-0.014,0.039,0.011,-0.023,0.104,0.01,0.093,0.017,-2.596,3.323,2430,2660,3080,3100,2870,3010,2920,2840,2430,2390,547.35,776.68,1196.02,1215.35,984.69,1124.02,1033.36